--
-- PostgreSQL database dump
--

-- Dumped from database version 16.4
-- Dumped by pg_dump version 16.4

-- Started on 2024-10-20 16:27:41

SET statement_timeout = 0;
SET lock_timeout = 0;
SET idle_in_transaction_session_timeout = 0;
SET client_encoding = 'UTF8';
SET standard_conforming_strings = on;
SELECT pg_catalog.set_config('search_path', '', false);
SET check_function_bodies = false;
SET xmloption = content;
SET client_min_messages = warning;
SET row_security = off;

SET default_tablespace = '';

SET default_table_access_method = heap;

--
-- TOC entry 220 (class 1259 OID 16625)
-- Name: account; Type: TABLE; Schema: public; Owner: postgres
--

CREATE TABLE public.account (
    id bigint NOT NULL,
    username character varying(255) NOT NULL,
    password character varying(255) NOT NULL,
    email character varying(255) NOT NULL
);


ALTER TABLE public.account OWNER TO postgres;

--
-- TOC entry 219 (class 1259 OID 16624)
-- Name: account_id_seq; Type: SEQUENCE; Schema: public; Owner: postgres
--

CREATE SEQUENCE public.account_id_seq
    AS integer
    START WITH 1
    INCREMENT BY 1
    NO MINVALUE
    NO MAXVALUE
    CACHE 1;


ALTER SEQUENCE public.account_id_seq OWNER TO postgres;

--
-- TOC entry 4902 (class 0 OID 0)
-- Dependencies: 219
-- Name: account_id_seq; Type: SEQUENCE OWNED BY; Schema: public; Owner: postgres
--

ALTER SEQUENCE public.account_id_seq OWNED BY public.account.id;


--
-- TOC entry 223 (class 1259 OID 16770)
-- Name: categories; Type: TABLE; Schema: public; Owner: postgres
--

CREATE TABLE public.categories (
    categoryid integer NOT NULL,
    categoryname character varying(50) NOT NULL
);


ALTER TABLE public.categories OWNER TO postgres;

--
-- TOC entry 222 (class 1259 OID 16769)
-- Name: categories_categoryid_seq; Type: SEQUENCE; Schema: public; Owner: postgres
--

CREATE SEQUENCE public.categories_categoryid_seq
    AS integer
    START WITH 1
    INCREMENT BY 1
    NO MINVALUE
    NO MAXVALUE
    CACHE 1;


ALTER SEQUENCE public.categories_categoryid_seq OWNER TO postgres;

--
-- TOC entry 4903 (class 0 OID 0)
-- Dependencies: 222
-- Name: categories_categoryid_seq; Type: SEQUENCE OWNED BY; Schema: public; Owner: postgres
--

ALTER SEQUENCE public.categories_categoryid_seq OWNED BY public.categories.categoryid;


--
-- TOC entry 216 (class 1259 OID 16581)
-- Name: customer; Type: TABLE; Schema: public; Owner: postgres
--

CREATE TABLE public.customer (
    customer_id integer NOT NULL,
    name character varying(255) NOT NULL,
    birthday date,
    phone character varying(255),
    address character varying(255),
    identificationnumber character varying(255),
    id integer NOT NULL
);


ALTER TABLE public.customer OWNER TO postgres;

--
-- TOC entry 215 (class 1259 OID 16580)
-- Name: customer_id_seq; Type: SEQUENCE; Schema: public; Owner: postgres
--

CREATE SEQUENCE public.customer_id_seq
    AS integer
    START WITH 1
    INCREMENT BY 1
    NO MINVALUE
    NO MAXVALUE
    CACHE 1;


ALTER SEQUENCE public.customer_id_seq OWNER TO postgres;

--
-- TOC entry 4904 (class 0 OID 0)
-- Dependencies: 215
-- Name: customer_id_seq; Type: SEQUENCE OWNED BY; Schema: public; Owner: postgres
--

ALTER SEQUENCE public.customer_id_seq OWNED BY public.customer.customer_id;


--
-- TOC entry 221 (class 1259 OID 16697)
-- Name: customer_id_seq1; Type: SEQUENCE; Schema: public; Owner: postgres
--

ALTER TABLE public.customer ALTER COLUMN id ADD GENERATED BY DEFAULT AS IDENTITY (
    SEQUENCE NAME public.customer_id_seq1
    START WITH 1
    INCREMENT BY 1
    NO MINVALUE
    NO MAXVALUE
    CACHE 1
);


--
-- TOC entry 228 (class 1259 OID 16989)
-- Name: order_items; Type: TABLE; Schema: public; Owner: postgres
--

CREATE TABLE public.order_items (
    id integer NOT NULL,
    order_id integer,
    productid integer,
    quantity integer,
    price numeric(38,2),
    total numeric(38,2),
    product_id integer
);


ALTER TABLE public.order_items OWNER TO postgres;

--
-- TOC entry 227 (class 1259 OID 16988)
-- Name: order_items_id_seq; Type: SEQUENCE; Schema: public; Owner: postgres
--

CREATE SEQUENCE public.order_items_id_seq
    AS integer
    START WITH 1
    INCREMENT BY 1
    NO MINVALUE
    NO MAXVALUE
    CACHE 1;


ALTER SEQUENCE public.order_items_id_seq OWNER TO postgres;

--
-- TOC entry 4905 (class 0 OID 0)
-- Dependencies: 227
-- Name: order_items_id_seq; Type: SEQUENCE OWNED BY; Schema: public; Owner: postgres
--

ALTER SEQUENCE public.order_items_id_seq OWNED BY public.order_items.id;


--
-- TOC entry 226 (class 1259 OID 16976)
-- Name: orders; Type: TABLE; Schema: public; Owner: postgres
--

CREATE TABLE public.orders (
    id integer NOT NULL,
    customer_id integer,
    order_date timestamp without time zone DEFAULT CURRENT_TIMESTAMP,
    total_amount numeric(38,2)
);


ALTER TABLE public.orders OWNER TO postgres;

--
-- TOC entry 225 (class 1259 OID 16975)
-- Name: orders_id_seq; Type: SEQUENCE; Schema: public; Owner: postgres
--

CREATE SEQUENCE public.orders_id_seq
    AS integer
    START WITH 1
    INCREMENT BY 1
    NO MINVALUE
    NO MAXVALUE
    CACHE 1;


ALTER SEQUENCE public.orders_id_seq OWNER TO postgres;

--
-- TOC entry 4906 (class 0 OID 0)
-- Dependencies: 225
-- Name: orders_id_seq; Type: SEQUENCE OWNED BY; Schema: public; Owner: postgres
--

ALTER SEQUENCE public.orders_id_seq OWNED BY public.orders.id;


--
-- TOC entry 218 (class 1259 OID 16596)
-- Name: product; Type: TABLE; Schema: public; Owner: postgres
--

CREATE TABLE public.product (
    productid integer NOT NULL,
    name character varying(255) NOT NULL,
    description character varying(255),
    price double precision NOT NULL,
    quantity integer NOT NULL,
    image character varying(255),
    categoryname character varying(255),
    id integer NOT NULL
);


ALTER TABLE public.product OWNER TO postgres;

--
-- TOC entry 224 (class 1259 OID 16942)
-- Name: product_id_seq; Type: SEQUENCE; Schema: public; Owner: postgres
--

ALTER TABLE public.product ALTER COLUMN id ADD GENERATED BY DEFAULT AS IDENTITY (
    SEQUENCE NAME public.product_id_seq
    START WITH 1
    INCREMENT BY 1
    NO MINVALUE
    NO MAXVALUE
    CACHE 1
);


--
-- TOC entry 217 (class 1259 OID 16595)
-- Name: product_productid_seq; Type: SEQUENCE; Schema: public; Owner: postgres
--

CREATE SEQUENCE public.product_productid_seq
    AS integer
    START WITH 1
    INCREMENT BY 1
    NO MINVALUE
    NO MAXVALUE
    CACHE 1;


ALTER SEQUENCE public.product_productid_seq OWNER TO postgres;

--
-- TOC entry 4907 (class 0 OID 0)
-- Dependencies: 217
-- Name: product_productid_seq; Type: SEQUENCE OWNED BY; Schema: public; Owner: postgres
--

ALTER SEQUENCE public.product_productid_seq OWNED BY public.product.productid;


--
-- TOC entry 4717 (class 2604 OID 16631)
-- Name: account id; Type: DEFAULT; Schema: public; Owner: postgres
--

ALTER TABLE ONLY public.account ALTER COLUMN id SET DEFAULT nextval('public.account_id_seq'::regclass);


--
-- TOC entry 4718 (class 2604 OID 16773)
-- Name: categories categoryid; Type: DEFAULT; Schema: public; Owner: postgres
--

ALTER TABLE ONLY public.categories ALTER COLUMN categoryid SET DEFAULT nextval('public.categories_categoryid_seq'::regclass);


--
-- TOC entry 4715 (class 2604 OID 16584)
-- Name: customer customer_id; Type: DEFAULT; Schema: public; Owner: postgres
--

ALTER TABLE ONLY public.customer ALTER COLUMN customer_id SET DEFAULT nextval('public.customer_id_seq'::regclass);


--
-- TOC entry 4721 (class 2604 OID 16992)
-- Name: order_items id; Type: DEFAULT; Schema: public; Owner: postgres
--

ALTER TABLE ONLY public.order_items ALTER COLUMN id SET DEFAULT nextval('public.order_items_id_seq'::regclass);


--
-- TOC entry 4719 (class 2604 OID 16979)
-- Name: orders id; Type: DEFAULT; Schema: public; Owner: postgres
--

ALTER TABLE ONLY public.orders ALTER COLUMN id SET DEFAULT nextval('public.orders_id_seq'::regclass);


--
-- TOC entry 4716 (class 2604 OID 16599)
-- Name: product productid; Type: DEFAULT; Schema: public; Owner: postgres
--

ALTER TABLE ONLY public.product ALTER COLUMN productid SET DEFAULT nextval('public.product_productid_seq'::regclass);


--
-- TOC entry 4888 (class 0 OID 16625)
-- Dependencies: 220
-- Data for Name: account; Type: TABLE DATA; Schema: public; Owner: postgres
--

COPY public.account (id, username, password, email) FROM stdin;
2	PhuongAnh	pass123	PhuongAnh@123.com
3	MinhDuong	pass123	MinhDuong@29.com
4	VuLinh	pass123	VuLinh@11.com
5	PhuongAn	pass123	PhuongAn@65.com
6	HuuPhong	pass123	HuuPhong@78.com
8	HongPhan	pass123	HongPhan22@gmail.com
9	QuocVinh	pass123	QuocVinh38@gmail.com
10	CamChau29	pass123	CamChau29@gmail.com
11	MyHang	123456	MyHang02@gmail.com
12	MinhDo	123123	MinhDo@gmail.com
7	ChiKhang12	pass123	ChiKhang35@gmail.com
\.


--
-- TOC entry 4891 (class 0 OID 16770)
-- Dependencies: 223
-- Data for Name: categories; Type: TABLE DATA; Schema: public; Owner: postgres
--

COPY public.categories (categoryid, categoryname) FROM stdin;
1	Hoa sinh nhật
2	Hoa khai trương
3	Hoa giỏ
\.


--
-- TOC entry 4884 (class 0 OID 16581)
-- Dependencies: 216
-- Data for Name: customer; Type: TABLE DATA; Schema: public; Owner: postgres
--

COPY public.customer (customer_id, name, birthday, phone, address, identificationnumber, id) FROM stdin;
6	Ngô Thị Lan	1995-02-25	012-444-5555	246 Đường 6, Nha Trang	789456123	2
7	Vũ Quốc Toàn	1978-11-30	012-777-8888	369 Đường 7, Bình Dương	321987654	3
8	Lý Thị Mai	1999-09-13	012-222-3333	852 Đường 8, Vũng Tàu	456123789	4
9	Nguyễn Quốc Khánh	1970-05-10	012-333-4444	951 Đường 9, Thừa Thiên-Huế	159753486	5
10	Trần Văn Hòa	1993-08-18	012-666-7777	753 Đường 10, Đà Lạt	987321654	6
11	Nguyễn Thị Yến	1980-04-05	012-555-6666	159 Đường 11, Cà Mau	147258369	7
12	Bùi Minh Châu	1991-10-31	012-444-3333	852 Đường 12, Thanh Hóa	258369147	8
13	Hồ Văn Đức	1975-06-16	012-999-8888	123 Đường 13, Quảng Ninh	963258741	9
14	Phan Thị Kim	1984-03-01	012-888-7777	456 Đường 14, Kiên Giang	741852963	10
15	Đỗ Văn Quang	1996-02-15	012-222-0000	789 Đường 15, Vĩnh Long	852456147	11
16	Nguyễn Thị Phương	1989-04-18	012-777-5555	246 Đường 16, Đồng Nai	369147258	12
17	Trịnh Quốc Huy	1971-03-27	012-444-0000	159 Đường 17, Bến Tre	951753864	13
18	Lê Thị Tâm	1987-08-18	012-555-1111	753 Đường 18, Hưng Yên	159159159	14
19	Nguyễn Văn Lâm	1918-07-04	012-333-2222	369 Đường 19, Bắc Ninh	753852951	15
20	Đặng Văn Minh	1970-05-29	012-111-9999	852 Đường 20, Sóc Trăng	456987123	16
21	Nguyễn Văn ALy	1985-03-25	0869072497	123 Đường Phạm Hữu Lầu	087203015527	17
4	Hương Trần	1988-07-01	012-987-6543	159 Đường 4, Hải Phòng	321654987	1
\.


--
-- TOC entry 4896 (class 0 OID 16989)
-- Dependencies: 228
-- Data for Name: order_items; Type: TABLE DATA; Schema: public; Owner: postgres
--

COPY public.order_items (id, order_id, productid, quantity, price, total, product_id) FROM stdin;
22	18	14	1	150.00	150.00	\N
23	19	15	3	30.00	90.00	\N
24	20	16	2	20.00	40.00	\N
26	21	18	1	200.00	200.00	\N
82	58	34	3	50.00	150.00	\N
83	59	35	2	75.00	150.00	\N
84	60	36	1	250.00	250.00	\N
85	61	38	4	30.00	120.00	\N
86	62	39	2	90.00	180.00	\N
87	63	40	1	220.00	220.00	\N
88	64	41	5	10.00	50.00	\N
89	65	42	3	60.00	180.00	\N
\.


--
-- TOC entry 4894 (class 0 OID 16976)
-- Dependencies: 226
-- Data for Name: orders; Type: TABLE DATA; Schema: public; Owner: postgres
--

COPY public.orders (id, customer_id, order_date, total_amount) FROM stdin;
17	8	2024-01-08 17:00:00	\N
18	9	2024-01-09 18:00:00	\N
20	11	2024-01-11 20:00:00	\N
21	12	2024-01-12 21:00:00	\N
22	13	2024-01-13 22:00:00	\N
23	14	2024-01-14 23:00:00	\N
24	15	2024-01-15 00:00:00	\N
30	7	2024-01-01 10:00:00	\N
31	8	2024-01-02 11:00:00	\N
32	9	2024-01-03 12:00:00	\N
33	10	2024-01-04 13:00:00	\N
34	11	2024-01-05 14:00:00	\N
36	\N	2024-01-01 10:00:00	100.00
37	9	2024-01-09 18:00:00	\N
19	9	2024-01-09 18:00:00	50.00
58	6	2024-10-01 10:30:00	500.00
59	7	2024-10-02 11:00:00	300.00
60	8	2024-10-03 09:15:00	750.00
61	9	2024-10-04 14:45:00	450.00
62	10	2024-10-05 16:20:00	650.00
63	11	2024-10-06 12:00:00	220.00
64	12	2024-10-07 13:30:00	320.00
65	13	2024-10-08 15:10:00	180.00
66	14	2024-10-09 17:50:00	400.00
67	15	2024-10-10 08:00:00	560.00
\.


--
-- TOC entry 4886 (class 0 OID 16596)
-- Dependencies: 218
-- Data for Name: product; Type: TABLE DATA; Schema: public; Owner: postgres
--

COPY public.product (productid, name, description, price, quantity, image, categoryname, id) FROM stdin;
32	Hoa hồng phấn	Sự kết hợp hoàn hảo giữa hoa hồng vàng và hồng phấn, mang lại sức sống tràn đầy. Hoa hồng vàng thường tượng trưng cho tình bạn và sự vui vẻ, là món quà lý tưởng cho những dịp chúc mừng. Mỗi bông hoa đều tỏa ra hương thơm nhẹ nhàng.	130	12	hoasinhnhat4.jpg	Hoa sinh nhật	10
33	Hoa mẫu đơn	Một bó hoa ngọt ngào, thích hợp cho những dịp kỷ niệm ngọt ngào. Hương thơm của hoa sẽ mang lại cảm giác dễ chịu và thư giãn cho người nhận. Đây là lựa chọn tuyệt vời để thể hiện tình cảm chân thành.	150	20	hoasinhnhat5.jpg	Hoa sinh nhật	11
34	Hoa lan tường	Mỗi bông hoa đều tỏa ra hương thơm nhẹ nhàng, tạo cảm giác thư giãn và bình yên. Hoa hồng tím biểu trưng cho sự quyến rũ và lãng mạn, rất thích hợp cho những dịp đặc biệt. Món quà đầy ý nghĩa dành cho người yêu thương.	90	15	hoasinhnhat6.jpg	Hoa sinh nhật	12
35	Hoa hồng cam	Một lựa chọn tuyệt vời để tạo niềm vui cho người nhận. Bó hoa hồng xanh nổi bật và độc đáo, thể hiện cá tính riêng của người tặng. Hương thơm quyến rũ sẽ làm bừng sáng không gian sống.	160	10	hoasinhnhat7.jpg	Hoa sinh nhật	13
36	Hoa hồng trắng	Sự kết hợp màu sắc hài hòa mang lại vẻ đẹp quyến rũ. Đây là món quà lý tưởng để thể hiện lòng biết ơn và sự trân trọng. Hương thơm ngọt ngào của hoa sẽ làm bừng sáng không gian và tâm hồn người nhận.	140	18	hoasinhnhat8.jpg	Hoa sinh nhật	18
38	Hoa tulip	Món quà lý tưởng thể hiện tình cảm chân thành và sự quan tâm. Bó hoa với sắc hồng giản dị này sẽ mang đến không khí vui vẻ và phấn chấn. Hương thơm ngọt ngào của hoa sẽ khiến người nhận cảm thấy đặc biệt.	180	9	tulip.jpg	Hoa sinh nhật	20
39	Hoa hoa hồng nhạt	Bó hoa tươi sáng, mang thông điệp của sự vui vẻ và hạnh phúc. Hoa cúc vàng thường được tặng trong các dịp lễ hội, thể hiện sự chân thành và yêu thương. Hương thơm nhẹ nhàng sẽ làm bừng sáng không gian.	110	5	hoakhaitruong1.jpg	Hoa khai trương	21
40	Hoa hồng vàng	Một lựa chọn tuyệt vời cho các dịp lễ hội hoặc làm quà tặng. Hoa cúc trắng mang lại cảm giác thanh khiết và trang nhã, rất thích hợp cho các buổi tiệc. Hương thơm dịu dàng của hoa sẽ tạo ra không khí thoải mái.	130	4	hoakhaitruong2.jpg	Hoa khai trương	22
41	Hoa hồng nhạt	Hương thơm nhẹ nhàng sẽ mang lại cảm giác thư giãn và bình yên. Hoa cúc tím biểu trưng cho sự lãng mạn, là món quà hoàn hảo cho những dịp đặc biệt. Mỗi bông hoa đều mang lại vẻ đẹp độc đáo cho không gian.	120	6	hoakhaitruong3.jpg	Hoa khai trương	23
42	Hoa hoa hồng đỏ	Thiết kế đẹp mắt, tạo ấn tượng với người nhận và làm cho không gian thêm phần rực rỡ. Hoa cúc hồng mang đến thông điệp của tình bạn và sự chân thành. Món quà này sẽ khiến người nhận cảm thấy hạnh phúc và được trân trọng.	150	8	hoakhaitruong4.jpg	Hoa khai trương	24
43	Hoa hướng dương	Mang lại không khí vui tươi cho sự kiện và tạo nên những kỷ niệm đẹp. Bó hoa cúc vàng nhạt thường được tặng trong các dịp khai trương hoặc chúc mừng. Hương thơm ngọt ngào sẽ làm bừng sáng lòng người.	140	7	hoakhaitruong6.jpg	Hoa khai trương	25
44	Hoa cúc đại đóa	Sự kết hợp giữa sắc màu tươi sáng sẽ thu hút mọi ánh nhìn. Hoa cúc dại thể hiện vẻ đẹp tự nhiên và phóng khoáng, rất phù hợp cho trang trí sự kiện ngoài trời. Hương thơm nhẹ nhàng sẽ mang đến cảm giác thoải mái.	170	10	hoakhaitruong7.jpg	Hoa khai trương	26
6	Hoa tulip	Hoa tulip nhiều màu sắc, biểu tượng của sự thanh lịch.	35	20	tulip.jpg	\N	2
9	Hoa mimosa	Hoa mimosa nhẹ nhàng, biểu tượng của tình bạn.	140	90	mimosa.jpg	\N	3
17	Hoa bỉ ngạn	Hoa bỉ ngạn đỏ rực, mang ý nghĩa sâu sắc.	250	30	hoa-bi-ngan.jpg	\N	4
16	Hoa phong lan 	Hoa phong lan dendrobium nở lâu, sang trọng.	40	25	phonglan.jpg	\N	5
18	Bó hoa tình yêu	Bó hoa tình yêu được thiết kế độc đáo.	55	12	tulip.jpg	\N	6
15	Hoa đỗ quyên	Hoa đỗ quyên nhiều màu sắc, thích hợp cho mọi dịp.	20	50	douyen.jpg	\N	17
30	Hoa hồng đỏ	Kết hợp nhiều sắc hồng khác nhau, tạo nên sự độc đáo và quyến rũ. Mỗi bông hoa đều mang lại cảm giác tươi mới và tràn đầy sức sống. Rất thích hợp để gửi tặng trong các bữa tiệc hay làm quà cho người thân yêu.	120	50	hoasinhnhat2.jpg	Hoa sinh nhật	8
45	Hoa lan kết hợp	Món quà ý nghĩa thể hiện sự quan tâm và chúc phúc cho người nhận. Bó hoa này sẽ mang lại niềm vui và hạnh phúc cho mọi dịp đặc biệt. Hương thơm ngọt ngào và sắc màu rực rỡ sẽ làm bừng sáng không gian.	160	45	hoakhaitruong5.jpg	Hoa khai trương	27
31	Hoa hồng vàng	Bó hoa hồng  thanh khiết, thể hiện sự trong sáng và thuần khiết. Đây là món quà hoàn hảo cho những dịp kỷ niệm đáng nhớ. Hương thơm nhẹ nhàng của hoa sẽ tạo ra không khí ấm áp và thân mật.	110	80	hoasinhnhat3.jpg	Hoa sinh nhật	9
14	Chậu hoa mini	Chậu hoa mini để bàn, trang trí không gian sống.	100	80	hoamini.jpg	\N	15
21	Hoa lan	Hoa lan với hương thơm nhẹ nhàng, sang trọng.	30	30	hoalan.jpg	\N	16
29	Hoa hồng	Bó hoa hồng đỏ rực rỡ, biểu trưng cho tình yêu nồng nàn và sự đam mê. Hương thơm quyến rũ của hoa sẽ làm say lòng người nhận. Đây là món quà lý tưởng cho những dịp kỷ niệm đặc biệt.	100	15	hoasinhnhat1.jpg	Hoa sinh nhật	7
48	Giỏ lan hồ điệp	Mang đến thông điệp về tình yêu và sự ngọt ngào, bó hoa cẩm chướng thể hiện sự quan tâm chân thành. Mỗi bông hoa đều tỏa ra hương thơm nhẹ nhàng, rất thích hợp cho những dịp kỷ niệm. Đây là món quà đầy ý nghĩa cho người yêu thương.	110	6	hoagio3.jpg	Hoa giỏ	30
50	Giỏ hoa hồng cam	Một lựa chọn hoàn hảo cho mọi dịp, từ sinh nhật đến lễ hội. Những bông hoa tulip nhiều màu sắc sẽ mang đến không khí vui tươi và sống động. Hương thơm nhẹ nhàng và hình dáng thanh thoát sẽ thu hút mọi ánh nhìn.	150	20	hoagio5.jpg	Hoa giỏ	32
51	Giỏ hoa hồng đậm	Hình dáng đặc biệt và màu sắc rực rỡ sẽ thu hút mọi ánh nhìn. Đây là lựa chọn tuyệt vời để trang trí cho các bữa tiệc hoặc sự kiện quan trọng. Hương thơm tươi mới của hoa sẽ mang lại sự phấn chấn và vui vẻ.	90	15	hoagio6.jpg	Hoa giỏ	33
52	Giỏ hoa lan	Giỏ hoa hướng dương biểu trưng cho sự nhiệt huyết và năng lượng tích cực. Những bông hoa lớn với màu vàng rực rỡ sẽ làm bừng sáng không gian và tạo ra niềm vui cho người nhận. Thích hợp cho các dịp vui vẻ như sinh nhật hoặc lễ hội.	160	10	hoagio7.jpg	Hoa giỏ	34
53	Giỏ hoa cúc tím	Sự kết hợp hoàn hảo giữa các loại hoa, tạo nên món quà đầy ý nghĩa. Bó hoa này sẽ mang lại vẻ đẹp sang trọng và tinh tế cho người nhận. Hương thơm nhẹ nhàng và thanh thoát sẽ tạo nên không khí dễ chịu.	140	18	hoagio8.jpg	Hoa giỏ	35
5	Hoa hướng dương	Hoa hướng dương rực rỡ, mang lại sức sống.	180	60	bohuongduong.jpg	\N	1
13	Hoa cẩm chướng	Hoa cẩm chướng bền lâu, thường dùng để trang trí.	170	65	camchuong.jpg	\N	14
37	Hoa hồng các loại	Bó hoa làm bừng sáng không gian, mang lại cảm giác nhẹ nhàng và ấm áp. Đây là món quà hoàn hảo cho những ai yêu thích sự tươi mới. Hương thơm thanh khiết sẽ mang lại niềm vui cho người nhận.	200	70	hoatinhyeu.jpg	Hoa sinh nhật	19
55	Giỏ hoa hồng đỏ	Hương thơm nhẹ nhàng và hình dáng thanh thoát sẽ thu hút mọi ánh nhìn. Đây là lựa chọn lý tưởng cho việc trang trí và làm quà tặng trong các dịp lễ hội. Mỗi bông hoa đều tỏa ra vẻ đẹp thanh nhã và trang trọng.	180	90	hoagio10.jpg	Hoa giỏ	37
47	Giỏ hoa hồng các loại	Giỏ hoa rực rỡ, biểu trưng cho niềm vui và hạnh phúc. Những bông hoa được kết hợp với nhau một cách hài hòa, tạo nên một món quà hoàn hảo cho bạn bè hoặc người thân. Hương thơm ngọt ngào của hoa sẽ làm bừng sáng mọi không gian.	120	40	hoagio2.jpg	Hoa giỏ	29
49	Giỏ hoa hồng sáp	Giỏ hoa lãng mạn, thể hiện vẻ đẹp và sự thuần khiết. Những bông hoa to và đầy đặn mang lại cảm giác sang trọng và quý phái. Thích hợp cho các dịp đặc biệt như đám cưới hay lễ kỷ niệm, mang lại không khí lãng mạn.	130	80	hoagio4.jpg	Hoa giỏ	31
54	Giỏ hoa hồng nhạt	Mang lại vẻ đẹp kỳ diệu và hấp dẫn, thích hợp cho trang trí trong các bữa tiệc hoặc sự kiện. Hoa lan hồ điệp thể hiện sự sang trọng và quý phái, rất phù hợp làm quà tặng trong các dịp lễ. Hương thơm nhẹ nhàng của hoa sẽ mang lại cảm giác thư giãn.	20	70	hoagio9.jpg	Hoa giỏ	36
61	Hoa hồng trắng	Sự kết hợp màu sắc hài hòa mang lại vẻ đẹp quyến rũ. Đây là món quà lý tưởng để thể hiện lòng biết ơn và sự trân trọng. Hương thơm ngọt ngào của hoa sẽ làm bừng sáng không gian và tâm hồn người nhận.	140	18	hoasinhnhat7.jpg	\N	38
\.


--
-- TOC entry 4908 (class 0 OID 0)
-- Dependencies: 219
-- Name: account_id_seq; Type: SEQUENCE SET; Schema: public; Owner: postgres
--

SELECT pg_catalog.setval('public.account_id_seq', 12, true);


--
-- TOC entry 4909 (class 0 OID 0)
-- Dependencies: 222
-- Name: categories_categoryid_seq; Type: SEQUENCE SET; Schema: public; Owner: postgres
--

SELECT pg_catalog.setval('public.categories_categoryid_seq', 3, true);


--
-- TOC entry 4910 (class 0 OID 0)
-- Dependencies: 215
-- Name: customer_id_seq; Type: SEQUENCE SET; Schema: public; Owner: postgres
--

SELECT pg_catalog.setval('public.customer_id_seq', 24, true);


--
-- TOC entry 4911 (class 0 OID 0)
-- Dependencies: 221
-- Name: customer_id_seq1; Type: SEQUENCE SET; Schema: public; Owner: postgres
--

SELECT pg_catalog.setval('public.customer_id_seq1', 20, true);


--
-- TOC entry 4912 (class 0 OID 0)
-- Dependencies: 227
-- Name: order_items_id_seq; Type: SEQUENCE SET; Schema: public; Owner: postgres
--

SELECT pg_catalog.setval('public.order_items_id_seq', 89, true);


--
-- TOC entry 4913 (class 0 OID 0)
-- Dependencies: 225
-- Name: orders_id_seq; Type: SEQUENCE SET; Schema: public; Owner: postgres
--

SELECT pg_catalog.setval('public.orders_id_seq', 67, true);


--
-- TOC entry 4914 (class 0 OID 0)
-- Dependencies: 224
-- Name: product_id_seq; Type: SEQUENCE SET; Schema: public; Owner: postgres
--

SELECT pg_catalog.setval('public.product_id_seq', 38, true);


--
-- TOC entry 4915 (class 0 OID 0)
-- Dependencies: 217
-- Name: product_productid_seq; Type: SEQUENCE SET; Schema: public; Owner: postgres
--

SELECT pg_catalog.setval('public.product_productid_seq', 61, true);


--
-- TOC entry 4727 (class 2606 OID 16633)
-- Name: account account_pkey; Type: CONSTRAINT; Schema: public; Owner: postgres
--

ALTER TABLE ONLY public.account
    ADD CONSTRAINT account_pkey PRIMARY KEY (id);


--
-- TOC entry 4729 (class 2606 OID 16777)
-- Name: categories categories_categoryname_key; Type: CONSTRAINT; Schema: public; Owner: postgres
--

ALTER TABLE ONLY public.categories
    ADD CONSTRAINT categories_categoryname_key UNIQUE (categoryname);


--
-- TOC entry 4731 (class 2606 OID 16775)
-- Name: categories categories_pkey; Type: CONSTRAINT; Schema: public; Owner: postgres
--

ALTER TABLE ONLY public.categories
    ADD CONSTRAINT categories_pkey PRIMARY KEY (categoryid);


--
-- TOC entry 4723 (class 2606 OID 16588)
-- Name: customer customer_pkey; Type: CONSTRAINT; Schema: public; Owner: postgres
--

ALTER TABLE ONLY public.customer
    ADD CONSTRAINT customer_pkey PRIMARY KEY (customer_id);


--
-- TOC entry 4735 (class 2606 OID 16994)
-- Name: order_items order_items_pkey; Type: CONSTRAINT; Schema: public; Owner: postgres
--

ALTER TABLE ONLY public.order_items
    ADD CONSTRAINT order_items_pkey PRIMARY KEY (id);


--
-- TOC entry 4733 (class 2606 OID 16982)
-- Name: orders orders_pkey; Type: CONSTRAINT; Schema: public; Owner: postgres
--

ALTER TABLE ONLY public.orders
    ADD CONSTRAINT orders_pkey PRIMARY KEY (id);


--
-- TOC entry 4725 (class 2606 OID 16603)
-- Name: product product_pkey; Type: CONSTRAINT; Schema: public; Owner: postgres
--

ALTER TABLE ONLY public.product
    ADD CONSTRAINT product_pkey PRIMARY KEY (productid);


--
-- TOC entry 4736 (class 2606 OID 17006)
-- Name: product fk_category; Type: FK CONSTRAINT; Schema: public; Owner: postgres
--

ALTER TABLE ONLY public.product
    ADD CONSTRAINT fk_category FOREIGN KEY (categoryname) REFERENCES public.categories(categoryname) ON DELETE CASCADE;


--
-- TOC entry 4738 (class 2606 OID 17001)
-- Name: order_items fk_product; Type: FK CONSTRAINT; Schema: public; Owner: postgres
--

ALTER TABLE ONLY public.order_items
    ADD CONSTRAINT fk_product FOREIGN KEY (productid) REFERENCES public.product(productid) ON DELETE CASCADE;


--
-- TOC entry 4739 (class 2606 OID 16995)
-- Name: order_items order_items_order_id_fkey; Type: FK CONSTRAINT; Schema: public; Owner: postgres
--

ALTER TABLE ONLY public.order_items
    ADD CONSTRAINT order_items_order_id_fkey FOREIGN KEY (order_id) REFERENCES public.orders(id);


--
-- TOC entry 4737 (class 2606 OID 16983)
-- Name: orders orders_customer_id_fkey; Type: FK CONSTRAINT; Schema: public; Owner: postgres
--

ALTER TABLE ONLY public.orders
    ADD CONSTRAINT orders_customer_id_fkey FOREIGN KEY (customer_id) REFERENCES public.customer(customer_id);


-- Completed on 2024-10-20 16:27:41

--
-- PostgreSQL database dump complete
--

